Workbook

Sheet Methodology
A1: Item | B1: Description
A2: Purpose | B2: Full calculation trail for TPWODL (Odisha), FY 2024-25 (Pass 1, permitted repository only). Applicable regulation re-established: OERC (Licensees' Standards of Performance) Regulations, 2004 (S1) as amended by the 1st Amendment Regulations, 2010 (S2); no repeal, replacement or later amendment found in the repository.
A3: Colour convention | B3: Blue = values transcribed from source documents; black = formulas; green = links to other sheets.
A4: Reported-performance source | B4: OERC statement 'Performance of Electricity Distribution Companies in Odisha during the FY 2024-25 (as reported and furnished through an affidavit): Achievement on Overall Standards of Performance' (S3), single page, TPWODL column 'For the year 2024-25'. All values are annual. Values transcribed in OSoP_Reported; the TPWODL column alignment, including the EHT / HT / LT voltage block, was verified against a rendered image of the page.
A5: Restoration shares | B5: S3 reports annual within-standard shares for urban and rural areas separately. S1 Sch. II sets one aggregate threshold over total cases. The combined FY share lies between the two area shares for any case weights. Where both are equal (fuse-off 100.00 / 100.00; line breakdown 100.00 / 100.00) the combined share is that value without case counts. Where they differ (distribution transformer 96.39 / 85.01) the combined share is not derived because case counts are not reported. Status on the S1 basis: met under any weighting if the lower area share is at or above the threshold; not met under any weighting if the higher is below; otherwise not determinable (Restoration_Shares). Distribution transformer is not determinable (rural below, urban above 95%), so the dashboard marks it not comparable. Line breakdown is marked not comparable because of the clock-start difference, although the status on the S1 basis would be met under any weighting if the clocks were aligned.
A6: Ratio standards | B6: Faulty-bill share (not more than 0.1%) and defective-meter share (not more than 5%) are single annual reported values compared directly with the S1 threshold, read as per cent per the percent signs printed in S3 (0.00% and 0.05%). Scheduled-outage and street-light rows are not compared.
A7: Reliability indices | B7: S1 Sch. II 1.5 formulas (p.15): SAIFI = sum(Ai x Ni) / Nt; SAIDI = sum(Bi x Ni) / Nt; MAIFI = sum(Ci x Ni) / Nt, Ni = connected load of feeder i affected, Nt = total 11 kV connected load. S3 reports annual values 'faced by 1 KW connected load' with units (Nos.) and (Minutes). No components are reported; values are used as reported (Reliability).
A8: Voltage cases | B8: S3 reports HT 0.08 and LT 0 under 'No. of cases'; EHT '-'. The HT value is fractional, so it is not confirmable as a count; unit not established. S1 sets voltage limits but no threshold for the number of cases, so no comparison is made (Voltage_Cases).
A9: Accidents | B9: S3 'No. of accident cases' for FY 2023-24 and FY 2024-25. FY 2024-25 counts used; FY 2023-24 counts reconcile with the FY 2023-24 workbook (Interyear_Continuity).
A10: Annualisation | B10: All reported values are annual; no annualisation, summation or averaging of sub-annual values was performed. No unit conversions were required (SAIDI already in minutes).
A11: Assumptions | B11: None beyond the documented treatments: (i) Sch. I 1.2 time limits applied to Sch. II 1.1; (ii) 'towns and cities' treated as 'urban areas'; (iii) S3 faulty-bill parameter treated as the S1 billing-mistake parameter; (iv) faulty-bill and defective-meter values read as per cent; (v) voltage-case values presented as printed with unit not established.
A12: Template | B12: TPWODL FY 2023-24 workbooks used as the primary formatting template; all FY 2024-25 values, units, thresholds and comparison decisions re-established from the current sources.
... A17: Outcome | B17: No reported value, unit, benchmark, comparison decision or compliance result changed. Changes are documentation (source links, gazette details, DISCOM name) and cross-checks. Items that remain open are listed in the dashboard workbook's Source_Gaps.

Sheet OSoP_Reported
A1: Ref | B1: Parameter (as published) | C1: Area | D1: Minimum target fixed by the Commission (as printed) | E1: Target (numeric) | F1: TPWODL FY 2024-25 (as printed) | G1: TPWODL value (numeric) | H1: Unit (as published) | I1: Source
A2: R1 | B2: Rectification of fuse-off call within 6 hrs. of receiving the complaint in urban areas | C2: Urban | D2: 90 | E2: 90 | F2: 100.00% | G2: 100 | H2: % | I2: S3, OERC Achievement on Overall Standards of Performance FY 2024-25, p.1
A3: R2 | B3: Rectification of fuse-off call within 24 hrs. of receiving the complaint in rural areas | C3: Rural | D3: 90 | E3: 90 | F3: 100.00% | G3: 100 | H3: % | I3: S3, OERC Achievement on Overall Standards of Performance FY 2024-25, p.1
A4: R3 | B4: Restoration of line break-down within 12 hrs. of receiving the complaint in urban areas | C4: Urban | D4: 95 | E4: 95 | F4: 100.00% | G4: 100 | H4: % | I4: S3, OERC Achievement on Overall Standards of Performance FY 2024-25, p.1
A5: R4 | B5: Restoration of line break-down within 24 hrs. of receiving the complaint in rural areas | C5: Rural | D5: 95 | E5: 95 | F5: 100.00% | G5: 100 | H5: % | I5: S3, OERC Achievement on Overall Standards of Performance FY 2024-25, p.1
A6: R5 | B6: Replacement of Distribution Transformer within 24 hrs. of receiving the complaint in urban areas | C6: Urban | D6: 95 | E6: 95 | F6: 96.39% | G6: 96.39 | H6: % | I6: S3, OERC Achievement on Overall Standards of Performance FY 2024-25, p.1
A7: R6 | B7: Replacement of Distribution Transformer within 48 hrs. of receiving the complaint in rural areas | C7: Rural | D7: 95 | E7: 95 | F7: 85.01% | G7: 85.01 | H7: % | I7: S3, OERC Achievement on Overall Standards of Performance FY 2024-25, p.1
A8: R7 | B8: Completing the work within 12 hrs. of the scheduled outage before 5 PM/6 PM | C8: All | D8: -- | F8: 100.00% | G8: 100 | H8: % | I8: S3, OERC Achievement on Overall Standards of Performance FY 2024-25, p.1
A9: R8 | B9: No. of cases in which voltage at the point of commencement of supply exceeded 3% of the voltage limits: EHT | C9: EHT | D9: (blank) | F9: - | H9: count (unit not established) | I9: S3, OERC Achievement on Overall Standards of Performance FY 2024-25, p.1
A10: R9 | B10: No. of cases in which voltage at the point of commencement of supply exceeded 3% of the voltage limits: HT | C10: HT | D10: (blank) | F10: 0.08 | G10: 0.08 | H10: count (unit not established) | I10: S3, OERC Achievement on Overall Standards of Performance FY 2024-25, p.1
A11: R10 | B11: No. of cases in which voltage at the point of commencement of supply exceeded 3% of the voltage limits: LT | C11: LT | D11: (blank) | F11: 0 | G11: 0 | H11: count (unit not established) | I11: S3, OERC Achievement on Overall Standards of Performance FY 2024-25, p.1
A12: R11 | B12: No. of hourly measurement in which the supply frequency went beyond + 3% | C12: All | D12: -- | F12: -- | H12: count | I12: S3, OERC Achievement on Overall Standards of Performance FY 2024-25, p.1
A13: R12 | B13: Rectification of Street light fault within 6 hrs. of receiving the complaint | C13: All | D13: 90 | E13: 90 | F13: - | H13: % | I13: S3, OERC Achievement on Overall Standards of Performance FY 2024-25, p.1
A14: R13 | B14: No. of faulty bills prepared as a percentage of total no. of bills issued | C14: All | D14: 0.1 | E14: 0.1 | F14: 0.00% | G14: 0 | H14: % | I14: S3, OERC Achievement on Overall Standards of Performance FY 2024-25, p.1
A15: R14 | B15: No. of faulty/defective meters as a percentage of total no. of existing meters | C15: All | D15: 5 | E15: 5 | F15: 0.05% | G15: 0.05 | H15: % | I15: S3, OERC Achievement on Overall Standards of Performance FY 2024-25, p.1
A16: R15 | B16: Total no. of interruption each lasting more than 5 minutes faced by 1 KW connected load (SAIFI)(Nos.) | C16: All | D16: (blank) | F16: 424 | G16: 424 | H16: Nos. per 1 kW | I16: S3, OERC Achievement on Overall Standards of Performance FY 2024-25, p.1
A17: R16 | B17: Total no. of interruption each lasting less than 5 minutes faced by 1 KW connected load (MAIFI)(Nos.) | C17: All | D17: (blank) | F17: 62 | G17: 62 | H17: Nos. per 1 kW | I17: S3, OERC Achievement on Overall Standards of Performance FY 2024-25, p.1
A18: R17 | B18: Total duration of interruption in minutes each 1 KW connected load (SAIDI)(Minutes) | C18: All | D18: (blank) | F18: 20684 | G18: 20684 | H18: Minutes per 1 kW | I18: S3, OERC Achievement on Overall Standards of Performance FY 2024-25, p.1

Sheet Restoration_Shares
A1: Parameter | B1: Urban share (%) | C1: Rural share (%) | D1: Lower area share (%) | E1: Higher area share (%) | F1: Combined FY share (%) | G1: Regulatory threshold (%) (S1) | H1: Commission target shown in S3 (%) | I1: Threshold check (S1 = S3) | J1: Comparison possible? (dashboard decision) | K1: Aggregate test on S1 basis | L1: Area-level test (S3 presentation) | M1: Source / note | N1: S1-basis status (before dashboard decision)
A2: Normal fuse-off call rectification | B2: =OSoP_Reported!G2 -> 100 | C2: =OSoP_Reported!G3 -> 100 | D2: =MIN(B2,C2) -> 100 | E2: =MAX(B2,C2) -> 100 | F2: =IF(D2=E2,D2,"Not derivable without case counts") -> 100 | G2: 90 | H2: =OSoP_Reported!E2 -> 90 | I2: =IF(AND(G2=H2,OSoP_Reported!E2=OSoP_Reported!E3),"OK","FLAG") -> OK | J2: Yes | K2: =IF(J2<>"Yes","N/A",IF(D2>=G2,"Yes",IF(E2<G2,"No","Not determinable"))) -> Yes | L2: =IF(AND(B2>=H2,C2>=H2),"Both areas at or above target","At least one area below target") -> Both areas at or above target | M2: S1 Sch. II 1.1 (p.14); time limits S1 Sch. I 1.2 (p.7); values OSoP_Reported R1-R2 | N2: =IF(D2>=G2,"Met under any weighting",IF(E2<G2,"Not met under any weighting","Not determinable without case counts")) -> Met under any weighting
A3: Line breakdown restoration | B3: =OSoP_Reported!G4 -> 100 | C3: =OSoP_Reported!G5 -> 100 | D3: =MIN(B3,C3) -> 100 | E3: =MAX(B3,C3) -> 100 | F3: =IF(D3=E3,D3,"Not derivable without case counts") -> 100 | G3: 95 | H3: =OSoP_Reported!E4 -> 95 | I3: =IF(AND(G3=H3,OSoP_Reported!E4=OSoP_Reported!E5),"OK","FLAG") -> OK | J3: No | K3: =IF(J3<>"Yes","N/A",IF(D3>=G3,"Yes",IF(E3<G3,"No","Not determinable"))) -> N/A | L3: =IF(AND(B3>=H3,C3>=H3),"Both areas at or above target","At least one area below target") -> Both areas at or above target | M3: S1 Sch. II 1.2 (p.14); values OSoP_Reported R3-R4. Comparison not possible: S3 time from receipt of complaint, S1 from occurrence. Urban 100.00 / rural 100.00: combined share equals 100 because the area shares are equal | N3: =IF(D3>=G3,"Met under any weighting",IF(E3<G3,"Not met under any weighting","Not determinable without case counts")) -> Met under any weighting
A4: Distribution transformer failure restoration | B4: =OSoP_Reported!G6 -> 96.39 | C4: =OSoP_Reported!G7 -> 85.01 | D4: =MIN(B4,C4) -> 85.01 | E4: =MAX(B4,C4) -> 96.39 | F4: =IF(D4=E4,D4,"Not derivable without case counts") -> Not derivable without case counts | G4: 95 | H4: =OSoP_Reported!E6 -> 95 | I4: =IF(AND(G4=H4,OSoP_Reported!E6=OSoP_Reported!E7),"OK","FLAG") -> OK | J4: No | K4: =IF(J4<>"Yes","N/A",IF(D4>=G4,"Yes",IF(E4<G4,"No","Not determinable"))) -> N/A | L4: =IF(AND(B4>=H4,C4>=H4),"Both areas at or above target","At least one area below target") -> At least one area below target | M4: S1 Sch. II 1.3 (p.14); time limits S1 Sch. I 1.4 (p.7); values OSoP_Reported R5-R6. Urban 96.39 above and rural 85.01 below the threshold: aggregate result not determinable without case counts, so comparison is marked not possible | N4: =IF(D4>=G4,"Met under any weighting",IF(E4<G4,"Not met under any weighting","Not determinable without case counts")) -> Not determinable without case counts

Sheet Threshold_Tests
A1: Parameter | B1: Reported value (%) | C1: Regulatory threshold (%) (S1) | D1: Direction | E1: Comparison possible? (dashboard decision) | F1: Test result (original basis) | G1: Margin to threshold (pp) | H1: Source / note
A2: Scheduled outage share | B2: =OSoP_Reported!G8 -> 100 | C2: 90 | D2: At least | E2: No | F2: =IF(E2<>"Yes","N/A",IF(D2="At least",IF(B2>=C2,"Yes","No"),IF(B2<=C2,"Yes","No"))) -> N/A | G2: =IF(ISNUMBER(B2),IF(D2="At least",B2-C2,C2-B2),"n/a") -> 10 | H2: S1 Sch. II 1.4 (p.14). Comparison not possible: standard also requires advance notice and a daily duration cap; reported item defined only as completion within 12 hours before 5 PM/6 PM
A3: Street-light fault rectification share | B3: =IF(ISNUMBER(OSoP_Reported!G13),OSoP_Reported!G13,"No value reported") -> No value reported | C3: 90 | D3: At least | E3: No | F3: =IF(E3<>"Yes","N/A",IF(D3="At least",IF(B3>=C3,"Yes","No"),IF(B3<=C3,"Yes","No"))) -> N/A | G3: =IF(ISNUMBER(B3),IF(D3="At least",B3-C3,C3-B3),"n/a") -> n/a | H3: S1 Sch. II 1.8 (p.16). No value reported for FY 2024-25
A4: Faulty-bill share | B4: =OSoP_Reported!G14 -> 0 | C4: 0.1 | D4: Not more than | E4: Yes | F4: =IF(E4<>"Yes","N/A",IF(D4="At least",IF(B4>=C4,"Yes","No"),IF(B4<=C4,"Yes","No"))) -> Yes | G4: =IF(ISNUMBER(B4),IF(D4="At least",B4-C4,C4-B4),"n/a") -> 0.1 | H4: S1 Sch. II 1.9 (p.16); reported 0.00% (printed with a percent sign)
A5: Defective-meter share | B5: =OSoP_Reported!G15 -> 0.05 | C5: 5 | D5: Not more than | E5: Yes | F5: =IF(E5<>"Yes","N/A",IF(D5="At least",IF(B5>=C5,"Yes","No"),IF(B5<=C5,"Yes","No"))) -> Yes | G5: =IF(ISNUMBER(B5),IF(D5="At least",B5-C5,C5-B5),"n/a") -> 4.95 | H5: S1 Sch. II 1.10 (p.16); reported 0.05% (printed with a percent sign); the value is below the 5% ceiling on any plausible reading
A7: Scale cross-check: defective-meter share (% of meters) by licensee | B7: FY 2024-25 (S3) | C7: Ceiling (S1) | D7: FY 2024-25 value above the ceiling?
A8: TPCODL | B8: 1.13 | C8: 5 | D8: =IF(B8>C8,"Yes","No") -> No
A9: TPNODL | B9: 1.2 | C9: 5 | D9: =IF(B9>C9,"Yes","No") -> No
A10: TPWODL | B10: 0.05 | C10: 5 | D10: =IF(B10>C10,"Yes","No") -> No
A11: TPSODL | B11: 0.23 | C11: 5 | D11: =IF(B11>C11,"Yes","No") -> No
A13: Scale cross-check: faulty-bill share (% of bills) by licensee | B13: FY 2024-25 (S3) | C13: Ceiling (S1) | D13: FY 2024-25 value above the ceiling?
A14: TPCODL | B14: 0.02 | C14: 0.1 | D14: =IF(B14>C14,"Yes","No") -> No
A15: TPNODL | B15: 1.66 | C15: 0.1 | D15: =IF(B15>C15,"Yes","No") -> Yes
A16: TPWODL | B16: 0 | C16: 0.1 | D16: =IF(B16>C16,"Yes","No") -> No
A17: TPSODL | B17: 0 | C17: 0.1 | D17: =IF(B17>C17,"Yes","No") -> No
A19: Ceilings: S1 Sch. II 1.9 and 1.10 (S1 web copy)

Sheet Reliability
A1: Index | B1: Reported FY value | C1: Unit (dashboard) | D1: Unit evidence | E1: Formula (S1 Sch. II 1.5, p.15) | F1: Note
A2: SAIDI | B2: =OSoP_Reported!G18 -> 20684 | C2: Minutes per kW of connected load | D2: S3 '(Minutes)', 'each 1 KW connected load' | E2: Σ(Bi×Ni) ÷ Nt | F2: Annual value; no components reported
A3: SAIFI | B3: =OSoP_Reported!G16 -> 424 | C3: Interruptions per kW of connected load | D3: S3 '(Nos.)', 'faced by 1 KW connected load'; S1 formula (count × kW ÷ kW) | E3: Σ(Ai×Ni) ÷ Nt | F3: Annual value; no components reported
A4: MAIFI | B4: =OSoP_Reported!G17 -> 62 | C4: Momentary interruptions per kW of connected load | D4: S3 '(Nos.)', 'faced by 1 KW connected load'; S1 formula | E4: Σ(Ci×Ni) ÷ Nt | F4: Annual value; no components reported
A5: SAIDI in hours (information) | B5: =B2/60 -> 344.73333 | C5: Hours per kW of connected load | D5: Conversion ÷ 60 | E5: Not applicable | F5: Not used on the dashboard
A6: Plausibility: SAIDI ÷ SAIFI | B6: =B2/B3 -> 48.783019 | C6: Minutes per interruption | D6: Derived | E6: Not applicable | F6: Plausibility check only; CAIDI is not specified in S1 or reported in S3 and is not a dashboard indicator
A7: Plausibility: MAIFI ÷ SAIFI | B7: =B4/B3 -> 0.14622642 | C7: Ratio | D7: Derived | E7: Not applicable | F7: Plausibility check only
A8: Cross-check: record note SAIFI (S4) | B8: 377 | C8: Nos. per kW (unit not printed in S4) | D8: OERC record note of the TPWODL performance review (S4) | E8: Not applicable | F8: =IF(B8=B3,"Matches S3 SAIFI","DIFFERS from S3 SAIFI by "&TEXT(B8-B3,"0")) -> DIFFERS from S3 SAIFI by -47
A9: Cross-check: record note SAIDI (S4) | B9: 308 | C9: Hours per kW (as printed in S4) | D9: OERC record note of the TPWODL performance review (S4) | E9: Not applicable | F9: =IF(ROUND(B9*60,0)=B2,"Matches S3 SAIDI","DIFFERS: S4 = "&TEXT(B9*60,"#,##0")&" minutes; S3 = "&TEXT(B2,"#,##0")&" minutes") -> DIFFERS: S4 = 18,480 minutes; S3 = 20,684 minutes

Sheet Voltage_Cases
A1: Voltage level | B1: As printed | C1: Numeric | D1: Note
A2: EHT | B2: - | D2: No value reported
A3: HT | B3: 0.08 | C3: =OSoP_Reported!G10 -> 0.08 | D3: Reported; fractional, so not confirmable as a count of cases; unit not established
A4: LT | B4: 0 | C4: =OSoP_Reported!G11 -> 0 | D4: Reported; zero

Sheet Accidents
A1: Category | B1: FY 2023-24 (as printed) | C1: FY 2023-24 | D1: FY 2024-25 (as printed) | E1: FY 2024-25 | F1: Change (FY 2024-25 - FY 2023-24) | G1: Source | H1: Record note FY 2024-25 deaths (S4, item 12) | I1: Difference vs S3 FY 2024-25 | J1: Status
A2: Fatal Human | B2: 46 | C2: 46 | D2: 08 | E2: 8 | F2: =E2-C2 -> -38 | G2: S3, OERC Achievement on Overall Standards of Performance FY 2024-25, p.1, accident table, TPWODL columns 23-24 / 24-25 | H2: 20 | I2: =H2-E2 -> 12 | J2: =IF(I2=0,"OK","DIFFERS") -> DIFFERS
A3: Non-fatal Human | B3: 44 | C3: 44 | D3: 12 | E3: 12 | F3: =E3-C3 -> -32 | G3: S3, OERC Achievement on Overall Standards of Performance FY 2024-25, p.1, accident table, TPWODL columns 23-24 / 24-25 | H3: Not given | I3: n/a | J3: n/a
A4: Fatal Animal | B4: 46 | C4: 46 | D4: 28 | E4: 28 | F4: =E4-C4 -> -18 | G4: S3, OERC Achievement on Overall Standards of Performance FY 2024-25, p.1, accident table, TPWODL columns 23-24 / 24-25 | H4: 33 | I4: =H4-E4 -> 5 | J4: =IF(I4=0,"OK","DIFFERS") -> DIFFERS
A5: Non-fatal Animal | B5: 00 | C5: 0 | D5: 00 | E5: 0 | F5: =E5-C5 -> 0 | G5: S3, OERC Achievement on Overall Standards of Performance FY 2024-25, p.1, accident table, TPWODL columns 23-24 / 24-25 | H5: Not given | I5: n/a | J5: n/a
A6: Total (all categories) | C6: =SUM(C2:C5) -> 136 | E6: =SUM(E2:E5) -> 48 | F6: =E6-C6 -> -88 | G6: Computed | H6: Source: record note (S4)

Sheet Dashboard_Transfer
A1: Main-sheet indicator | B1: FY value (formula) | C1: Format | D1: Dashboard text (Annualised / standardised reported data)
A2: Normal fuse-off call rectification — share resolved within standard | B2: =Restoration_Shares!F2 -> 100 | C2: 0.0% | D2: ="FY within-standard share: "&TEXT(B2/100,"0.0%")&"." -> FY within-standard share: 100.0%.
A3: Line breakdown restoration — share resolved within standard | B3: =Restoration_Shares!F3 -> 100 | C3: 0.0% | D3: ="FY within-standard share (time measured from receipt of complaint): "&TEXT(B3/100,"0.0%")&"." -> FY within-standard share (time measured from receipt of complaint): 100.0%.
A4: Distribution transformer failure restoration — share resolved within standard | B4: n/a | C4: n/a | D4: Not annualised: case counts required to combine the urban and rural shares are not reported.
A5: Scheduled outage restoration — share resolved within standard | B5: =Threshold_Tests!B2 -> 100 | C5: 0.0% | D5: ="FY within-standard share: "&TEXT(B5/100,"0.0%")&"." -> FY within-standard share: 100.0%.
A6: Street-light fault rectification — share resolved within standard | B6: n/a | C6: n/a | D6: Not annualised: no reported value.
A7: Billing mistakes — faulty bills as share of bills issued | B7: =Threshold_Tests!B4 -> 0 | C7: 0.00% | D7: ="FY faulty-bill share: "&TEXT(B7/100,"0.00%")&"." -> FY faulty-bill share: 0.00%.
A8: Defective meters — share of meters in service | B8: =Threshold_Tests!B5 -> 0.05 | C8: 0.00% | D8: ="FY defective-meter share: "&TEXT(B8/100,"0.00%")&"." -> FY defective-meter share: 0.05%.
A9: System Average Interruption Duration Index (SAIDI) | B9: =Reliability!B2 -> 20684 | C9: #,##0 | D9: ="FY SAIDI: "&TEXT(B9,"#,##0")&" minutes per kW of connected load." -> FY SAIDI: 20,684 minutes per kW of connected load.
A10: System Average Interruption Frequency Index (SAIFI) | B10: =Reliability!B3 -> 424 | C10: #,##0 | D10: ="FY SAIFI: "&TEXT(B10,"#,##0")&" interruptions per kW of connected load." -> FY SAIFI: 424 interruptions per kW of connected load.
A11: Momentary Average Interruption Frequency Index (MAIFI) | B11: =Reliability!B4 -> 62 | C11: #,##0 | D11: ="FY MAIFI: "&TEXT(B11,"#,##0")&" momentary interruptions per kW of connected load." -> FY MAIFI: 62 momentary interruptions per kW of connected load.
A12: Supply frequency outside ±3% of 50 Hz — number of hourly measurements | B12: n/a | C12: n/a | D12: Not annualised: no reported value.
A13: Supply voltage at point of supply outside limits — number of cases (EHT / HT / LT) | B13: =Voltage_Cases!C3 -> 0.08 | C13: 0.00 | D13: ="FY HT value: "&TEXT(B13,"0.00")&"; LT value: "&TEXT(Voltage_Cases!C4,"0")&" (unit not established)." -> FY HT value: 0.08; LT value: 0 (unit not established).
A14: Fatal electrical accidents — humans | B14: =Accidents!E2 -> 8 | C14: 0 | D14: ="FY fatal human accidents: "&B14&"." -> FY fatal human accidents: 8.
A15: Non-fatal electrical accidents — humans | B15: =Accidents!E3 -> 12 | C15: 0 | D15: ="FY non-fatal human accidents: "&B15&"." -> FY non-fatal human accidents: 12.
A16: Fatal electrical accidents — animals | B16: =Accidents!E4 -> 28 | C16: 0 | D16: ="FY fatal animal accidents: "&B16&"." -> FY fatal animal accidents: 28.
A17: Non-fatal electrical accidents — animals | B17: =Accidents!E5 -> 0 | C17: 0 | D17: ="FY non-fatal animal accidents: "&B17&"." -> FY non-fatal animal accidents: 0.

Sheet Interyear_Continuity
A1: Item | B1: FY 2023-24 value in the FY 2023-24 workbook | C1: FY 2023-24 value shown in the FY 2024-25 statement | D1: Difference | E1: Status | F1: FY 2023-24 source | G1: FY 2024-25 source
A2: Fatal human accidents | B2: 46 | C2: =Accidents!C2 -> 46 | D2: =C2-B2 -> 0 | E2: =IF(D2=0,"OK","FLAG") -> OK | F2: TPWODL FY 2023-24 Calculations > Accidents (S3 FY 2023-24 statement, p.1) | G2: S3, OERC Achievement on Overall Standards of Performance FY 2024-25, p.1
A3: Non-fatal human accidents | B3: 44 | C3: =Accidents!C3 -> 44 | D3: =C3-B3 -> 0 | E3: =IF(D3=0,"OK","FLAG") -> OK | F3: TPWODL FY 2023-24 Calculations > Accidents (S3 FY 2023-24 statement, p.1) | G3: S3, OERC Achievement on Overall Standards of Performance FY 2024-25, p.1
A4: Fatal animal accidents | B4: 46 | C4: =Accidents!C4 -> 46 | D4: =C4-B4 -> 0 | E4: =IF(D4=0,"OK","FLAG") -> OK | F4: TPWODL FY 2023-24 Calculations > Accidents (S3 FY 2023-24 statement, p.1) | G4: S3, OERC Achievement on Overall Standards of Performance FY 2024-25, p.1
A5: Non-fatal animal accidents | B5: 0 | C5: =Accidents!C5 -> 0 | D5: =C5-B5 -> 0 | E5: =IF(D5=0,"OK","FLAG") -> OK | F5: TPWODL FY 2023-24 Calculations > Accidents (S3 FY 2023-24 statement, p.1) | G5: S3, OERC Achievement on Overall Standards of Performance FY 2024-25, p.1

Sheet PriorFY_Row_Check
A1: Check | B1: Result | C1: Detail
A2: Row set vs FY 2023-24 main sheet | B2: Pass | C2: 16 rows (FY 2023-24: 16); 16 of 16 indicator names identical in the same order; same parameters in the Commission's statement.
A3: Row-by-row field comparison | B3: Pass (genuine differences) | C3: Fields changed per row (excluding financial year): Normal fuse-off call rectification: no change other than financial year; Line breakdown restoration: Reported data, Annualised / standardised reported data, Documentation of standardisation / transformation; Distribution transformer failure restoration: Reported data; Scheduled outage restoration: no change other than financial year; Street-light fault rectification: Reported data, If comparison is not possible, why?; Billing mistakes: Reported data, Annualised / standardised reported data; Defective meters: Reported data, Annualised / standardised reported data; System Average Interruption Duration Index (SAIDI): Reported data, Annualised / standardised reported data, If comparison is not possible, why?; System Average Interruption Frequency Index (SAIFI): Reported data, Annualised / standardised reported data, If comparison is not possible, why?; Momentary Average Interruption Frequency Index (MAIFI): Reported data, Annualised / standardised reported data, If comparison is not possible, why?; Supply frequency outside ±3% of 50 Hz: Reported data, If comparison is not possible, why?; Supply voltage at point of supply outside limits: Reported data, Annualised / standardised reported data, If comparison is not possible, why?, Interpretation; Fatal electrical accidents: Reported data, Annualised / standardised reported data; Non-fatal electrical accidents: Reported data, Annualised / standardised reported data; Fatal electrical accidents: Reported data, Annualised / standardised reported data; Non-fatal electrical accidents: no change other than financial year
A4: Rows unchanged apart from financial year | B4: Pass | C4: Normal fuse-off call rectification, Scheduled outage restoration, Non-fatal electrical accidents
A5: Comparison / compliance logic | B5: Pass (genuine differences) | C5: Same Yes / No pattern as FY 2023-24: distribution transformer stays No/N/A (urban 96.39% above and rural 85.01% below the 95% aggregate threshold, case counts not reported); line breakdown stays No/N/A (clock-start difference). 3 rows Yes/Yes (fuse-off, faulty bills, defective meters); 13 rows No/N/A. The voltage row now carries HT and LT values.
A6: Standards | B6: Pass | C6: Standard column identical to FY 2023-24 in 16 of 16 rows because S1 (as amended by S2) is unchanged; re-checked against S1 Sch. I and II.
A7: Supporting-sheet and calculations structure | B7: Pass | C7: Same sheet set as FY 2023-24. Corrected in this file: parameter labels and areas of the voltage and frequency rows in OSoP_Reported (previous file had them offset by one row) and the FY notation in Conventions.
A8: Substantive evidence re-established | B8: Pass | C8: All values, page references, flags and review items re-extracted from the FY 2024-25 statement and S1/S2; none copied from earlier years.
A9: Consistency with the completed second-pass years | B9: Pass | C9: DISCOM field, FY notation convention and source numbering follow the completed FY 2021-22 to FY 2023-24 workbooks. All 16 Main rows keep the same names, categories, units, Standard wording and comparison logic.

Sheet QC_Gate
A1: Check | B1: Result | C1: Evidence
A2: Full permitted repository searched | B2: Pass | C2: Repository: S1, S2, S3 (FY 2024-25 statement), the FY 2023-24, FY 2022-23 and FY 2021-22 statements, the context document, the previous TPWODL workbooks and the UGVCL reference workbooks. The connected Google Drive was searched again (TPWODL, Overall Standards of Performance, OERC); no relevant documents found.
A3: Regulatory and reported-performance sources reviewed | B3: Pass | C3: Regulatory: S1 and S2 re-read for applicability to FY 2024-25. Reported: S3 (single page, text and rendered image).
A4: Applicable regulation re-established | B4: Pass | C4: S1 as amended by S2 in force throughout FY 2024-25; no repeal or replacement found (recorded in Source_Gaps).
A5: Amendments checked | B5: Pass (gap recorded) | C5: S2 does not alter Schedule II standards or formulas. No later amendment found; recorded in Source_Gaps.
A6: Definitions, units, formulas, reporting basis re-verified | B6: Pass | C6: Thresholds from S1 Sch. II; reliability formulas S1 p.15 (connected-load weighting); units from S3 labels and S1 formulas; reporting basis annual (S3).
A7: Unit check: every quantitative indicator | B7: Pass (voltage unit flagged) | C7: Shares %; SAIDI minutes per kW; SAIFI interruptions per kW; MAIFI momentary interruptions per kW; accidents count. Voltage-case unit not established (fractional HT value), flagged.
A8: Annualisation-method check | B8: Pass | C8: All values annual; no summing, averaging, multiplication or extrapolation. Combined urban/rural shares derived only where both area shares are equal.
A9: Detailed-figures check (Reported data and Annualised fields) | B9: Pass | C9: Automated scan of 16 rows: no counts, numerators, denominators, balances, prior-year values or inputs.
A10: Comparison possible? / Standard met? logic | B10: Pass | C10: 16 of 16 rows consistent: 13 rows No / N/A; 3 rows Yes / Yes, each assessed on the original S1 basis.
A11: Standards not transformed | B11: Pass | C11: Standards stated as aggregate shares or limits exactly as in S1.
A12: Main sheet columns and public-facing language | B12: Pass | C12: Exact 13 prescribed columns; internal-process phrase scan clean.
... A21: Sources-folder requirements checked against the completed Main sheet | B21: Pass (limit recorded) | C21: No new document is required beyond S5, S6, S7, S11 and S12 identified for FY 2021-22 (presence in the folder not verified). The existing Sources folder could not be located or inspected.
