Workbook

Sheet Methodology
A1: Item | B1: Description
A2: Purpose | B2: Full calculation trail for TPWODL (Odisha), FY 2021-22 (Pass 1, permitted repository only). Applicable regulation: OERC (Licensees' Standards of Performance) Regulations, 2004 (S1) as amended by the 1st Amendment Regulations, 2010 (S2); no later amendment or replacement found in the repository.
A3: Colour convention | B3: Blue = values transcribed from source documents; black = formulas; green = links to other sheets.
A4: Reported-performance source | B4: OERC statement 'Performance of Electricity Distribution Companies in Odisha during the FY 2021-22 (as reported and furnished through an affidavit): Achievement on Overall Standards of Performance' (S3), single page, TPWODL column 'For the year 2021-22'. All values are annual. Values transcribed in OSoP_Reported; the TPWODL column alignment was verified against a rendered image of the page.
A5: Restoration shares | B5: S3 reports annual within-standard shares for urban and rural areas separately. S1 Sch. II sets one aggregate threshold over total cases. The combined FY share lies between the two area shares for any case weights; where both equal 100.00%, the combined share is 100.0% without case counts (Restoration_Shares). Compliance test: combined share ≥ threshold is certain if the lower area share ≥ threshold; fails with certainty if the higher area share < threshold; otherwise not determinable without counts.
A6: Ratio standards | B6: Street-light share (≥ 90%), faulty-bill share (≤ 0.1%) and defective-meter share (≤ 5%) are single annual reported values compared directly with the S1 threshold where comparison is possible (Threshold_Tests).
A7: Reliability indices | B7: S1 Sch. II 1.5 formulas (p.15): SAIFI = Σ(Ai×Ni) ÷ Nt; SAIDI = Σ(Bi×Ni) ÷ Nt; MAIFI = Σ(Ci×Ni) ÷ Nt, with Ni = connected load of feeder i affected and Nt = total 11 kV connected load. S3 reports annual values 'faced by 1 KW connected load' with units (Nos.) and (Minutes). No components are reported, so no reconstruction is possible or needed; values are used as reported (Reliability).
A8: Accidents | B8: S3 'No. of accident cases' for FY 2020-21 and FY 2021-22. FY 2021-22 counts used; year-on-year change computed for context only (Accidents).
A9: Annualisation | B9: All reported values are annual; no annualisation, summation or averaging of sub-annual values was performed. No unit conversions were required (SAIDI already in minutes).
A10: Assumptions | B10: None beyond the documented treatments: (i) Sch. I 1.2 time limits applied to Sch. II 1.1 (cross-reference flag); (ii) 'towns and cities' treated as 'urban areas'; (iii) S3 faulty-bill parameter treated as the S1 billing-mistake parameter.
A11: Dashboard transfer | B11: Dashboard_Transfer links each main-sheet value to its calculation cell and builds the annualised text with formulas; QC_Gate records the final checks.

Sheet OSoP_Reported
A1: Ref | B1: Parameter (as published) | C1: Area | D1: Minimum target fixed by the Commission (as printed) | E1: Target (numeric) | F1: TPWODL FY 2021-22 (as printed) | G1: TPWODL value (numeric) | H1: Unit (as published) | I1: Source
A2: R1 | B2: Rectification of fuse-off call within 6 hrs. of receiving the complaint in urban areas | C2: Urban | D2: 90 | E2: 90 | F2: 100.00 | G2: 100 | H2: % | I2: S3, OERC Achievement on Overall Standards of Performance FY 2021-22, p.1
A3: R2 | B3: Rectification of fuse-off call within 24 hrs. of receiving the complaint in rural areas | C3: Rural | D3: 90 | E3: 90 | F3: 100.00 | G3: 100 | H3: % | I3: S3, OERC Achievement on Overall Standards of Performance FY 2021-22, p.1
A4: R3 | B4: Restoration of line break-down within 12 hrs. of receiving the complaint in urban areas | C4: Urban | D4: 95 | E4: 95 | F4: 100.00 | G4: 100 | H4: % | I4: S3, OERC Achievement on Overall Standards of Performance FY 2021-22, p.1
A5: R4 | B5: Restoration of line break-down within 24 hrs. of receiving the complaint in rural areas | C5: Rural | D5: 95 | E5: 95 | F5: 100.00 | G5: 100 | H5: % | I5: S3, OERC Achievement on Overall Standards of Performance FY 2021-22, p.1
A6: R5 | B6: Replacement of Distribution Transformer within 24 hrs. of receiving the complaint in urban areas | C6: Urban | D6: 95 | E6: 95 | F6: 100.00 | G6: 100 | H6: % | I6: S3, OERC Achievement on Overall Standards of Performance FY 2021-22, p.1
A7: R6 | B7: Replacement of Distribution Transformer within 48 hrs. of receiving the complaint in rural areas | C7: Rural | D7: 95 | E7: 95 | F7: 100.00 | G7: 100 | H7: % | I7: S3, OERC Achievement on Overall Standards of Performance FY 2021-22, p.1
A8: R7 | B8: Completing the work within 12 hrs. of the scheduled outage before 5 PM/6 PM | C8: All | D8: 90 | E8: 90 | F8: -- | H8: % | I8: S3, OERC Achievement on Overall Standards of Performance FY 2021-22, p.1
A9: R8 | B9: No. of hourly measurement in which the supply frequency went beyond ± 3% | C9: All | D9: -- | F9: -- | H9: count | I9: S3, OERC Achievement on Overall Standards of Performance FY 2021-22, p.1
A10: R9 | B10: No. of cases in which voltage at the point of commencement of supply exceeded 3% of the voltage limits fixed under I.E. Rules, 1956: EHT | C10: EHT | D10: (blank) | F10: -- | H10: count | I10: S3, OERC Achievement on Overall Standards of Performance FY 2021-22, p.1
A11: R10 | B11: Same: HT | C11: HT | D11: (blank) | F11: -- | H11: count | I11: S3, OERC Achievement on Overall Standards of Performance FY 2021-22, p.1
A12: R11 | B12: Same: LT | C12: LT | D12: (blank) | F12: -- | H12: count | I12: S3, OERC Achievement on Overall Standards of Performance FY 2021-22, p.1
A13: R12 | B13: Rectification of Street light fault within 6 hrs. of receiving the complaint | C13: All | D13: 90 | E13: 90 | F13: 90 | G13: 90 | H13: % | I13: S3, OERC Achievement on Overall Standards of Performance FY 2021-22, p.1
A14: R13 | B14: No. of faulty bills prepared as a percentage of total no. of bills issued | C14: All | D14: 0.1 | E14: 0.1 | F14: 0.10 | G14: 0.1 | H14: % | I14: S3, OERC Achievement on Overall Standards of Performance FY 2021-22, p.1
A15: R14 | B15: No. of faulty/defective meters as a percentage of total no. of existing meters | C15: All | D15: 5 | E15: 5 | F15: 5 | G15: 5 | H15: % | I15: S3, OERC Achievement on Overall Standards of Performance FY 2021-22, p.1
A16: R15 | B16: Total no. of interruption each lasting more than 5 minutes faced by 1 KW connected load (SAIFI)(Nos.) | C16: All | D16: (blank) | F16: 600 | G16: 600 | H16: Nos. per 1 kW | I16: S3, OERC Achievement on Overall Standards of Performance FY 2021-22, p.1
A17: R16 | B17: Total no. of interruption each lasting less than 5 minutes faced by 1 KW connected load (MAIFI)(Nos.) | C17: All | D17: (blank) | F17: 66 | G17: 66 | H17: Nos. per 1 kW | I17: S3, OERC Achievement on Overall Standards of Performance FY 2021-22, p.1
A18: R17 | B18: Total duration of interruption in minutes each 1 KW connected load (SAIDI)(Minutes) | C18: All | D18: (blank) | F18: 25441 | G18: 25441 | H18: Minutes per 1 kW | I18: S3, OERC Achievement on Overall Standards of Performance FY 2021-22, p.1

Sheet Restoration_Shares
A1: Parameter | B1: Urban share (%) | C1: Rural share (%) | D1: Lower area share (%) | E1: Higher area share (%) | F1: Combined FY share (%) | G1: Regulatory threshold (%) (S1) | H1: Commission target shown in S3 (%) | I1: Threshold check (S1 = S3) | J1: Comparison possible? (dashboard decision) | K1: Aggregate test on S1 basis | L1: Area-level test (S3 presentation) | M1: Source / note
A2: Normal fuse-off call rectification | B2: =OSoP_Reported!G2 -> 100 | C2: =OSoP_Reported!G3 -> 100 | D2: =MIN(B2,C2) -> 100 | E2: =MAX(B2,C2) -> 100 | F2: =IF(D2=E2,D2,"Not derivable without case counts") -> 100 | G2: 90 | H2: =OSoP_Reported!E2 -> 90 | I2: =IF(AND(G2=H2,OSoP_Reported!E2=OSoP_Reported!E3),"OK","FLAG") -> OK | J2: Yes | K2: =IF(J2<>"Yes","N/A",IF(D2>=G2,"Yes",IF(E2<G2,"No","Not determinable"))) -> Yes | L2: =IF(AND(B2>=H2,C2>=H2),"Both areas at or above target","At least one area below target") -> Both areas at or above target | M2: S1 Sch. II 1.1 (p.14); time limits S1 Sch. I 1.2 (p.7); values OSoP_Reported R1–R2
A3: Line breakdown restoration | B3: =OSoP_Reported!G4 -> 100 | C3: =OSoP_Reported!G5 -> 100 | D3: =MIN(B3,C3) -> 100 | E3: =MAX(B3,C3) -> 100 | F3: =IF(D3=E3,D3,"Not derivable without case counts") -> 100 | G3: 95 | H3: =OSoP_Reported!E4 -> 95 | I3: =IF(AND(G3=H3,OSoP_Reported!E4=OSoP_Reported!E5),"OK","FLAG") -> OK | J3: No | K3: =IF(J3<>"Yes","N/A",IF(D3>=G3,"Yes",IF(E3<G3,"No","Not determinable"))) -> N/A | L3: =IF(AND(B3>=H3,C3>=H3),"Both areas at or above target","At least one area below target") -> Both areas at or above target | M3: S1 Sch. II 1.2 (p.14); values OSoP_Reported R3–R4. Comparison not possible: S3 time from receipt of complaint, S1 from occurrence
A4: Distribution transformer failure restoration | B4: =OSoP_Reported!G6 -> 100 | C4: =OSoP_Reported!G7 -> 100 | D4: =MIN(B4,C4) -> 100 | E4: =MAX(B4,C4) -> 100 | F4: =IF(D4=E4,D4,"Not derivable without case counts") -> 100 | G4: 95 | H4: =OSoP_Reported!E6 -> 95 | I4: =IF(AND(G4=H4,OSoP_Reported!E6=OSoP_Reported!E7),"OK","FLAG") -> OK | J4: Yes | K4: =IF(J4<>"Yes","N/A",IF(D4>=G4,"Yes",IF(E4<G4,"No","Not determinable"))) -> Yes | L4: =IF(AND(B4>=H4,C4>=H4),"Both areas at or above target","At least one area below target") -> Both areas at or above target | M4: S1 Sch. II 1.3 (p.14); time limits S1 Sch. I 1.4 (p.7); values OSoP_Reported R5–R6

Sheet Threshold_Tests
A1: Parameter | B1: Reported value (%) | C1: Regulatory threshold (%) (S1) | D1: Direction | E1: Comparison possible? (dashboard decision) | F1: Test result (original basis) | G1: Margin to threshold (pp) | H1: Source / note
A2: Street-light fault rectification share | B2: =OSoP_Reported!G13 -> 90 | C2: 90 | D2: At least | E2: No | F2: =IF(E2<>"Yes","N/A",IF(D2="At least",IF(B2>=C2,"Yes","No"),IF(B2<=C2,"Yes","No"))) -> N/A | G2: =IF(D2="At least",B2-C2,C2-B2) -> 0 | H2: S1 Sch. II 1.8 (p.16). Comparison not possible: S1 time from detection or complaint, whichever earlier; S3 from receipt of complaint
A3: Faulty-bill share | B3: =OSoP_Reported!G14 -> 0.1 | C3: 0.1 | D3: Not more than | E3: Yes | F3: =IF(E3<>"Yes","N/A",IF(D3="At least",IF(B3>=C3,"Yes","No"),IF(B3<=C3,"Yes","No"))) -> Yes | G3: =IF(D3="At least",B3-C3,C3-B3) -> 0 | H3: S1 Sch. II 1.9 (p.16); value equals threshold
A4: Defective-meter share | B4: =OSoP_Reported!G15 -> 5 | C4: 5 | D4: Not more than | E4: Yes | F4: =IF(E4<>"Yes","N/A",IF(D4="At least",IF(B4>=C4,"Yes","No"),IF(B4<=C4,"Yes","No"))) -> Yes | G4: =IF(D4="At least",B4-C4,C4-B4) -> 0 | H4: S1 Sch. II 1.10 (p.16); value equals threshold

Sheet Reliability
A1: Index | B1: Reported FY value | C1: Unit (dashboard) | D1: Unit evidence | E1: Formula (S1 Sch. II 1.5, p.15) | F1: Note
A2: SAIDI | B2: =OSoP_Reported!G18 -> 25441 | C2: Minutes per kW of connected load | D2: S3 '(Minutes)', 'each 1 KW connected load' | E2: Σ(Bi×Ni) ÷ Nt | F2: Annual value; no components reported
A3: SAIFI | B3: =OSoP_Reported!G16 -> 600 | C3: Interruptions per kW of connected load | D3: S3 '(Nos.)', 'faced by 1 KW connected load'; S1 formula (count × kW ÷ kW) | E3: Σ(Ai×Ni) ÷ Nt | F3: Annual value; no components reported
A4: MAIFI | B4: =OSoP_Reported!G17 -> 66 | C4: Momentary interruptions per kW of connected load | D4: S3 '(Nos.)', 'faced by 1 KW connected load'; S1 formula | E4: Σ(Ci×Ni) ÷ Nt | F4: Annual value; no components reported
A5: SAIDI in hours (information) | B5: =B2/60 -> 424.01667 | C5: Hours per kW of connected load | D5: Conversion ÷ 60 | E5: Not applicable | F5: Not used on the dashboard
A6: Plausibility: SAIDI ÷ SAIFI | B6: =B2/B3 -> 42.401667 | C6: Minutes per interruption | D6: Derived | E6: Not applicable | F6: Plausibility check only; CAIDI is not specified in S1 or reported in S3 and is not a dashboard indicator
A7: Plausibility: MAIFI ÷ SAIFI | B7: =B4/B3 -> 0.11 | C7: Ratio | D7: Derived | E7: Not applicable | F7: Plausibility check only

Sheet Accidents
A1: Category | B1: FY 2020-21 (as printed) | C1: FY 2020-21 | D1: FY 2021-22 (as printed) | E1: FY 2021-22 | F1: Change (FY 2021-22 − FY 2020-21) | G1: Source
A2: Fatal Human | B2: 14 | C2: 14 | D2: 02 | E2: 2 | F2: =E2-C2 -> -12 | G2: S3, OERC Achievement on Overall Standards of Performance FY 2021-22, p.1, accident table, TPWODL columns 20-21 / 21-22
A3: Non-fatal Human | B3: 11 | C3: 11 | D3: 16 | E3: 16 | F3: =E3-C3 -> 5 | G3: S3, OERC Achievement on Overall Standards of Performance FY 2021-22, p.1, accident table, TPWODL columns 20-21 / 21-22
A4: Fatal Animal | B4: 10 | C4: 10 | D4: 53 | E4: 53 | F4: =E4-C4 -> 43 | G4: S3, OERC Achievement on Overall Standards of Performance FY 2021-22, p.1, accident table, TPWODL columns 20-21 / 21-22
A5: Non-fatal Animal | B5: 08 | C5: 8 | D5: 00 | E5: 0 | F5: =E5-C5 -> -8 | G5: S3, OERC Achievement on Overall Standards of Performance FY 2021-22, p.1, accident table, TPWODL columns 20-21 / 21-22
A6: Total (all categories) | C6: =SUM(C2:C5) -> 43 | E6: =SUM(E2:E5) -> 71 | F6: =E6-C6 -> 28 | G6: Computed

Sheet Dashboard_Transfer
A1: Main-sheet indicator | B1: FY value (formula) | C1: Format | D1: Dashboard text (Annualised / standardised reported data)
A2: Normal fuse-off call rectification — share resolved within standard | B2: =Restoration_Shares!F2 -> 100 | C2: 0.0% | D2: ="FY within-standard share: "&TEXT(B2/100,"0.0%")&"." -> FY within-standard share: 100.0%.
A3: Line breakdown restoration — share resolved within standard | B3: =Restoration_Shares!F3 -> 100 | C3: 0.0% | D3: ="FY within-standard share (time measured from receipt of complaint): "&TEXT(B3/100,"0.0%")&"." -> FY within-standard share (time measured from receipt of complaint): 100.0%.
A4: Distribution transformer failure restoration — share resolved within standard | B4: =Restoration_Shares!F4 -> 100 | C4: 0.0% | D4: ="FY within-standard share: "&TEXT(B4/100,"0.0%")&"." -> FY within-standard share: 100.0%.
A5: Scheduled outage restoration — share resolved within standard | B5: n/a | C5: n/a | D5: Not annualised: no reported value.
A6: Street-light fault rectification — share resolved within standard | B6: =Threshold_Tests!B2 -> 90 | C6: 0.0% | D6: ="FY within-standard share (time measured from receipt of complaint): "&TEXT(B6/100,"0.0%")&"." -> FY within-standard share (time measured from receipt of complaint): 90.0%.
A7: Billing mistakes — faulty bills as share of bills issued | B7: =Threshold_Tests!B3 -> 0.1 | C7: 0.00% | D7: ="FY faulty-bill share: "&TEXT(B7/100,"0.00%")&"." -> FY faulty-bill share: 0.10%.
A8: Defective meters — share of meters in service | B8: =Threshold_Tests!B4 -> 5 | C8: 0.0% | D8: ="FY defective-meter share: "&TEXT(B8/100,"0.0%")&"." -> FY defective-meter share: 5.0%.
A9: System Average Interruption Duration Index (SAIDI) | B9: =Reliability!B2 -> 25441 | C9: #,##0 | D9: ="FY SAIDI: "&TEXT(B9,"#,##0")&" minutes per kW of connected load." -> FY SAIDI: 25,441 minutes per kW of connected load.
A10: System Average Interruption Frequency Index (SAIFI) | B10: =Reliability!B3 -> 600 | C10: #,##0 | D10: ="FY SAIFI: "&TEXT(B10,"#,##0")&" interruptions per kW of connected load." -> FY SAIFI: 600 interruptions per kW of connected load.
A11: Momentary Average Interruption Frequency Index (MAIFI) | B11: =Reliability!B4 -> 66 | C11: #,##0 | D11: ="FY MAIFI: "&TEXT(B11,"#,##0")&" momentary interruptions per kW of connected load." -> FY MAIFI: 66 momentary interruptions per kW of connected load.
A12: Supply frequency outside ±3% of 50 Hz — number of hourly measurements | B12: n/a | C12: n/a | D12: Not annualised: no reported value.
A13: Supply voltage at point of supply outside limits — number of cases (EHT / HT / LT) | B13: n/a | C13: n/a | D13: Not annualised: no reported value.
A14: Fatal electrical accidents — humans | B14: =Accidents!E2 -> 2 | C14: 0 | D14: ="FY fatal human accidents: "&B14&"." -> FY fatal human accidents: 2.
A15: Non-fatal electrical accidents — humans | B15: =Accidents!E3 -> 16 | C15: 0 | D15: ="FY non-fatal human accidents: "&B15&"." -> FY non-fatal human accidents: 16.
A16: Fatal electrical accidents — animals | B16: =Accidents!E4 -> 53 | C16: 0 | D16: ="FY fatal animal accidents: "&B16&"." -> FY fatal animal accidents: 53.
A17: Non-fatal electrical accidents — animals | B17: =Accidents!E5 -> 0 | C17: 0 | D17: ="FY non-fatal animal accidents: "&B17&"." -> FY non-fatal animal accidents: 0.

Sheet Reference_Consistency
A1: Check | B1: Result | C1: Detail
A2: Main-sheet columns | B2: Pass | C2: Exact 13 prescribed columns in the prescribed order, identical headers and column widths to the UGVCL FY 2024-25 reference.
A3: Indicator naming | B3: Pass (genuine differences) | C3: 'Distribution transformer failure restoration — share resolved within standard', SAIDI / SAIFI / MAIFI and accident names identical to the reference. Other names follow the reference pattern with Odisha parameter terms (normal fuse-off, line breakdown, scheduled outage, street-light fault); billing-mistake, defective-meter, frequency and voltage-count indicators are new because the Odisha parameters differ. CAIDI not included (not in S1 or S3). 'Non-fatal electrical accidents — animals' added (reported in S3).
A4: Units and notation | B4: Pass (genuine differences) | C4: Percent, minutes and counts as in the reference. Reliability indices are per kW of connected load (S1 connected-load weighting), not per consumer; stated explicitly.
A5: Precision | B5: Pass (documented exceptions) | C5: Annualised percentages one decimal; Reported data at source precision. Exceptions documented in Conventions: faulty-bill share two decimals; reliability indices whole numbers (source precision).
A6: Field structure and wording | B6: Pass | C6: Reported data 'Within-standard share (FY, annual reporting): ...'; annualised 'FY <metric>: <value>.'; non-comparability and interpretation phrases reused from the reference where the reason is the same.
A7: Annualisation treatment | B7: Pass | C7: All values annual; no annualisation needed. Combined urban/rural share derived only where it does not depend on case counts.
A8: Comparison / compliance | B8: Pass (genuine difference) | C8: Unlike the reference (no aggregate thresholds), S1 sets aggregate thresholds; 4 rows comparable (all met), 12 rows not comparable (N/A).
A9: Supporting-sheet layout | B9: Pass | C9: Same seven supporting sheets and column structures as the reference dashboard workbook. Calculations workbook follows the reference sheet pattern; reference sheets for monthly reliability, faulty-meter flows, DT failure, sample tests, losses and enforcement are replaced by sheets matching the Odisha source (no such data). Interyear_Continuity / PriorFY_Row_Check replaced by this sheet (no earlier TPWODL workbook).
A10: Presentation | B10: Pass | C10: Arial 10; header fill 1F4E78 with white bold text; thin borders; wrap and top alignment; frozen header row; reference column widths.

Sheet QC_Gate
A1: Check | B1: Result | C1: Evidence
A2: Full permitted repository searched | B2: Pass | C2: Repository: S1, S2, S3, the context document and the UGVCL reference workbooks. The connected Google Drive was searched (TPWODL, Western Odisha, Tata Power, OERC / Orissa / Odisha Electricity Regulatory Commission, Standards of Performance, SAIDI / SAIFI, fuse-off, orierc, tpwesternodisha, file names); no relevant documents found.
A3: Regulatory and reported-performance sources reviewed | B3: Pass | C3: Regulatory: S1 (all 19 pages), S2 (all 3 pages). Reported: S3 (single page, text and rendered image).
A4: Applicable regulation identified | B4: Pass | C4: S1 as amended by S2; in force throughout FY 2021-22; no repeal or replacement found (recorded in Source_Gaps).
A5: Amendments checked | B5: Pass (gap recorded) | C5: S2 reviewed in full; it does not alter Schedule II standards or formulas. No later amendment found; recorded in Source_Gaps.
A6: Definitions, units, formulas, reporting basis | B6: Pass | C6: Thresholds from S1 Sch. II; reliability formulas S1 p.15 (connected-load weighting); units from S3 labels and S1 formulas; reporting basis annual (S3).
A7: Unit check: every quantitative indicator | B7: Pass | C7: Shares %; SAIDI minutes per kW; SAIFI interruptions per kW; MAIFI momentary interruptions per kW; frequency excursions count of hourly measurements; voltage cases count; accidents count. No unit left blank.
A8: Annualisation-method check | B8: Pass | C8: All values annual; no summing, averaging, multiplication or extrapolation. Combined urban/rural shares derived only because both area shares are 100.00% (Restoration_Shares).
A9: Detailed-figures check (Reported data and Annualised fields) | B9: Pass | C9: Automated scan of 16 rows: no counts, numerators, denominators, balances, prior-year values or inputs.
A10: Comparison possible? / Standard met? logic | B10: Pass | C10: 16 of 16 rows consistent: 12 rows No / N/A; 4 rows Yes / Yes (fuse-off, distribution transformer, faulty bills, defective meters), each assessed on the original S1 basis.
A11: Standards not transformed | B11: Pass | C11: Standards stated as aggregate shares or limits exactly as in S1; no annualising, scaling or conversion.
A12: Main sheet columns and public-facing language | B12: Pass | C12: Exact 13 prescribed columns; internal-process phrase scan clean.
... A14: Reconciliations and flags | B14: Pass (flags documented) | C14: Threshold check S1 = S3 targets: OK for all restoration rows. Values equal to thresholds, clock-start differences and the Sch. II 1.1 cross-reference are documented in Data_Quality_Flags.
